Row;A;J;F;B;I;H;E;L;D;C;K;G
19744_up;0;0;0;0;0;0;0;0;0;0;1;1
19397_up;1;1;0;1;1;1;0;0;0;0;0;0
6238_up;1;0;0;1;1;1;1;1;1;0;0;1
6240_up;0;0;0;0;0;0;1;0;1;0;0;0
25198_up;0;0;0;0;0;0;0;0;0;1;1;1
22955_up;1;1;1;1;1;1;1;1;1;1;1;1
25250_up;1;1;1;0;0;0;0;0;0;0;0;0
4820_up;0;1;1;0;0;0;0;0;0;0;0;0
5919_up;0;0;0;0;1;0;0;0;0;0;0;0
2127_up;0;0;0;0;0;0;1;0;0;0;0;0
13216_up;0;0;0;0;0;0;0;0;0;1;0;1
13201_up;1;0;0;0;0;0;0;0;0;0;1;0
1211_up;0;0;0;0;0;1;0;0;0;0;0;0
18660_up;1;1;1;1;1;1;1;1;1;1;1;1
1444_up;0;0;0;1;1;1;1;1;1;1;0;0
18463_up;1;1;1;1;1;1;0;1;1;0;0;0
1847_up;0;0;1;1;0;0;0;1;1;0;0;0
22196_up;0;0;0;0;0;0;1;1;0;0;0;0
228_up;0;0;0;0;0;1;0;0;0;0;0;0
4882_up;1;1;1;1;1;1;0;1;1;1;1;1
13268_up;0;0;0;0;0;0;0;0;0;1;0;0
15524_up;1;1;1;1;1;1;1;1;1;1;1;1
15644_up;1;1;0;1;0;1;1;0;0;1;0;1
6151_up;0;0;0;1;0;1;0;0;0;0;0;0
4355_up;1;1;1;1;1;1;1;1;1;1;0;1
26487_up;0;0;0;1;1;1;1;0;1;0;0;0
22858_up;1;1;1;1;1;1;1;1;1;1;1;1
22925_up;1;1;1;1;1;1;1;1;1;1;1;1
18364_up;0;0;0;0;0;0;0;0;0;1;1;1
23750_up;1;0;0;0;0;0;0;0;0;0;0;0
18227_up;0;0;0;1;1;1;1;1;1;1;1;1
16268_up;1;1;1;1;1;1;1;1;1;1;1;1
14351_up;1;1;1;1;1;1;1;1;1;0;0;0
6175_up;0;0;0;0;0;0;0;0;0;0;0;1
23635_up;0;1;1;1;1;1;1;1;1;1;1;1
5071_up;0;0;0;0;0;0;0;0;0;1;1;1
16052_up;1;1;1;1;1;1;1;1;1;1;1;1
23730_up;1;1;1;0;0;0;0;0;0;0;0;0
5304_up;0;0;0;0;0;0;1;0;0;0;0;0
18026_up;0;0;0;0;0;0;0;0;0;0;1;1
18109_up;0;0;0;0;1;0;0;0;0;0;0;0
18322_up;0;0;0;1;0;1;0;0;0;0;0;0
25550_up;0;0;0;1;1;1;0;0;0;0;0;0
26244_up;1;1;1;0;0;0;0;0;0;1;1;1
5378_up;0;1;0;0;0;0;0;0;0;0;0;0
22053_up;0;0;0;0;0;0;0;0;0;0;1;1
15249_up;1;1;1;1;1;1;1;1;1;1;1;1
16032_up;1;1;1;1;1;1;1;1;1;1;1;1
7988_up;1;1;1;1;1;1;1;1;1;1;1;1
13730_up;1;1;1;1;1;1;1;1;1;1;1;1
4902_up;1;1;1;0;1;1;0;0;0;0;0;0
6234_up;1;1;0;0;0;0;0;0;1;0;0;0
22950_up;1;1;1;1;1;1;1;1;1;1;1;1
4578_up;0;0;0;0;0;0;0;0;0;1;0;0
23264_up;0;0;0;1;1;0;0;0;0;0;0;0
21315_up;0;1;1;1;1;1;0;0;0;1;1;1
25707_up;0;0;0;0;0;0;0;1;1;0;0;0
22921_up;1;1;1;1;1;1;1;1;1;1;1;1
16520_up;1;0;0;1;1;1;0;1;0;1;0;0
23146_up;0;0;0;0;0;0;1;0;0;0;0;0
18826_up;1;1;1;1;1;1;1;1;1;0;0;0
17859_up;1;1;1;1;0;1;0;1;1;1;1;1
3205_up;1;0;0;0;0;0;0;0;0;0;0;0
5078_up;1;0;0;0;0;0;0;0;0;0;0;0
22922_up;1;1;1;1;1;1;1;1;1;1;1;1
336_up;1;0;0;0;0;0;0;0;0;0;0;0
24452_up;1;1;1;1;1;1;0;1;0;1;1;0
16650_up;1;1;1;1;1;1;1;1;1;1;1;1
22678_up;0;0;0;0;0;0;0;0;0;0;1;1
6954_up;1;1;1;1;1;1;1;1;1;1;1;1
19758_up;1;1;1;1;1;1;1;1;1;1;1;1
5119_up;1;0;0;1;1;1;1;1;0;1;1;0
3338_up;1;1;1;1;1;1;1;1;1;0;0;0
22905_up;0;1;1;1;1;0;0;1;1;0;0;1
18905_up;1;1;1;1;1;1;1;1;1;1;1;1
16033_up;0;0;0;0;0;0;1;1;1;0;0;0
20468_up;0;0;0;0;0;0;0;0;0;1;1;1
7557_up;0;0;0;1;1;0;0;0;0;0;1;1
3631_up;0;0;0;0;0;0;0;0;1;0;0;0
18650_up;1;1;1;1;1;1;1;1;1;1;1;1
8630_up;1;1;1;1;1;1;0;1;0;0;1;1
5714_up;0;0;0;0;0;0;0;0;0;0;0;1
25266_up;0;0;0;0;0;0;0;0;0;0;1;1
24451_up;1;1;1;0;0;0;0;1;0;1;0;0
14982_up;1;1;1;1;1;1;1;1;1;1;1;1
5740_up;0;0;0;0;1;1;0;0;0;0;0;0
15402_up;1;1;1;1;1;1;1;1;1;1;1;1
23504_up;0;0;0;1;1;1;1;1;0;0;0;0
13728_up;0;1;1;1;1;1;1;0;0;1;1;1
8018_up;0;0;0;0;1;0;0;1;0;0;0;0
14602_up;0;0;0;0;0;0;0;0;0;1;0;1
6278_up;0;0;0;0;1;0;0;0;0;0;0;0
8628_up;1;1;1;1;1;1;1;1;1;1;0;0
14540_up;1;1;1;1;1;1;1;1;1;0;1;1
8903_up;0;0;0;0;1;0;0;0;0;0;0;0
22810_up;1;1;1;1;1;1;1;1;1;1;1;1
6126_up;0;0;0;0;0;0;1;0;1;0;0;0
4470_up;0;0;1;0;0;1;0;0;1;1;0;1
1487_up;1;1;1;1;1;1;1;1;1;1;1;1
18365_up;0;0;0;0;0;0;1;1;1;0;0;0
22209_up;0;0;0;1;1;1;0;0;0;1;1;1
3294_up;0;0;0;1;1;1;1;1;1;0;0;0
25792_up;0;0;0;1;0;0;1;1;0;0;0;0
15359_up;1;1;0;1;0;1;0;0;0;1;0;0
15800_up;1;1;1;1;1;1;1;1;1;1;1;1
22911_up;1;1;1;1;1;1;1;1;1;1;1;1
18199_up;0;0;1;0;1;1;0;0;1;0;1;1
1049_up;0;1;0;1;1;1;0;1;1;1;1;1
3680_up;1;1;1;1;1;1;1;1;1;1;1;1
8911_up;1;0;0;0;0;0;1;1;1;0;0;0
23550_up;0;0;0;0;0;0;1;1;1;1;1;1
15167_up;1;1;0;1;0;1;0;0;0;1;0;1
22808_up;1;1;1;1;1;1;1;1;1;1;1;1
886_up;1;1;1;1;0;0;1;1;1;0;1;0
3895_up;0;0;0;1;1;1;1;0;1;0;0;0
27011_up;1;1;1;1;1;1;0;1;1;1;1;1
3912_up;0;1;1;0;0;0;0;0;0;0;0;0
15100_up;1;1;1;1;1;1;1;1;1;1;0;1
27154_up;0;0;0;0;0;0;0;0;0;1;0;1
10557_up;0;0;0;1;1;0;1;1;1;1;0;0
15318_up;1;1;1;1;1;1;1;1;1;1;1;1
14626_up;1;1;1;1;1;1;1;1;1;1;1;1
9001_up;1;1;1;1;1;1;1;1;1;1;1;1
2934_up;0;0;0;0;0;0;1;0;0;0;0;0
14479_up;0;0;0;0;1;0;0;0;0;0;0;0
27290_up;0;0;0;0;0;0;0;0;0;0;1;0
3434_up;0;1;1;0;0;0;0;0;0;0;0;0
25617_up;0;0;0;0;0;0;0;0;0;1;1;1
21082_up;0;0;1;0;0;0;0;0;0;0;1;1
6344_up;0;0;0;0;0;0;0;0;0;1;1;0
2745_up;1;1;0;1;0;1;0;0;0;1;0;0
16611_up;1;1;1;1;1;1;1;1;1;1;1;1
16051_up;1;1;0;1;0;1;1;0;1;1;1;1
6955_up;1;1;1;0;0;0;1;1;1;0;0;0
15319_up;1;1;1;1;1;1;1;1;1;1;1;1
23479_up;0;0;0;1;1;1;0;1;1;1;0;0
13048_up;1;1;1;1;1;1;1;1;1;1;1;1
22886_up;1;1;1;1;1;1;1;1;1;1;1;1
650_up;1;1;0;1;1;1;0;1;0;1;0;0
16554_up;0;0;1;0;0;0;0;0;0;0;0;0
20121_up;0;0;0;1;0;0;0;0;0;0;0;0
17538_up;0;0;1;0;0;0;0;0;0;0;0;0
22348_up;0;0;0;0;0;0;1;0;1;0;0;0
13266_up;1;0;0;0;0;0;0;0;0;0;0;0
586_up;0;0;0;0;0;0;0;0;0;1;1;0
15204_up;1;1;1;1;1;1;1;1;1;1;1;1
18666_up;0;0;0;1;1;1;1;1;1;1;1;1
16126_up;1;1;1;1;0;0;1;1;1;1;1;1
7899_up;0;0;0;1;1;1;1;1;1;0;0;0
4372_up;0;0;0;0;0;1;0;0;0;0;0;0
22846_up;1;1;1;1;1;1;1;1;1;1;1;1
20494_up;0;1;1;0;0;1;0;0;1;1;1;1
21203_up;1;1;1;1;1;1;1;1;1;1;1;1
21954_up;0;0;0;0;0;0;1;1;1;0;0;0
24114_up;0;1;0;0;0;0;0;0;0;0;1;0
1421_up;0;0;0;0;1;1;0;0;0;0;0;0
775_up;1;0;0;0;0;0;0;0;0;0;0;0
8983_up;1;0;0;0;0;0;0;0;0;0;1;1
8167_up;0;0;0;0;1;1;0;0;0;1;0;0
14705_up;1;0;0;0;0;0;0;0;0;0;0;0
15377_up;1;1;1;1;1;1;1;1;1;1;1;1
22822_up;1;1;1;1;1;1;1;1;1;1;1;1
6248_up;1;1;1;1;1;1;1;1;1;1;1;1
395_up;0;0;0;0;0;0;0;0;0;0;1;0
7188_up;1;1;1;1;1;1;0;0;0;0;0;0
249_up;1;1;1;1;1;1;1;1;1;1;1;1
18798_up;0;1;1;0;0;0;0;0;1;0;1;1
4362_up;0;0;0;0;0;1;0;0;0;0;0;0
25259_up;0;0;0;0;1;0;1;1;0;0;0;0
6940_up;0;0;0;1;1;1;0;0;0;0;0;0
22875_up;1;1;1;1;1;1;1;1;1;1;1;1
20558_up;1;1;1;1;1;1;0;1;0;0;0;0
20605_up;0;0;1;0;0;0;0;0;0;0;0;1
7979_up;0;0;0;0;0;0;0;0;0;0;1;1
5600_up;0;1;1;0;0;0;0;0;0;0;0;0
27781_up;0;1;1;1;1;1;1;1;1;1;1;1
4091_up;0;0;0;1;1;1;1;1;1;0;0;0
14911_up;1;1;1;1;1;1;1;1;1;1;1;1
7657_up;0;0;0;0;0;0;0;0;0;1;1;0
24799_up;0;0;1;0;0;0;0;0;0;0;0;0
6190_up;0;0;0;1;0;0;0;0;0;0;0;0
13644_up;0;0;0;1;0;1;0;0;0;0;0;0
619_up;0;0;0;1;0;0;1;1;1;0;0;0
16649_up;0;0;0;0;0;0;1;0;0;0;0;0
4104_up;1;1;1;1;1;1;1;1;0;0;0;0
25573_up;0;0;0;0;0;0;0;0;0;1;0;1
3772_up;1;1;1;1;1;1;1;1;1;1;1;1
18346_up;0;0;0;0;0;0;0;0;0;0;1;0
8971_up;0;0;0;0;1;0;1;1;0;0;0;0
5079_up;1;0;0;0;0;0;0;0;0;0;0;0
15022_up;1;1;1;1;1;1;1;1;1;1;1;1
22960_up;1;1;1;1;1;1;1;1;1;1;1;1
24098_up;0;1;1;0;0;0;0;0;1;1;1;1
6056_up;1;1;1;0;0;0;0;0;0;0;1;0
1491_up;0;0;0;0;1;0;0;0;0;0;0;0
25339_up;1;1;1;1;1;1;1;1;1;1;1;1
4415_up;1;1;1;1;1;1;1;1;1;1;1;1
5255_up;0;0;0;0;1;1;0;0;0;0;0;0
6266_up;1;1;1;1;1;1;0;1;1;1;1;1
24800_up;0;0;0;0;0;0;0;0;0;1;1;1
21800_up;0;0;0;0;0;1;0;0;0;0;0;0
5159_up;0;0;0;0;0;1;0;0;1;0;0;0
1828_up;0;0;0;0;1;0;0;0;0;0;0;1
13174_up;0;0;0;0;0;0;0;0;0;1;0;0
8498_up;0;0;1;1;0;0;0;0;0;0;1;1
19278_up;0;0;0;0;0;0;0;0;0;1;1;1
15255_up;0;0;0;0;0;0;1;0;0;0;0;0
23137_up;0;0;0;0;0;0;1;1;1;0;0;0
16864_up;0;0;0;0;0;0;1;0;1;0;0;0
18228_up;0;0;0;1;1;1;1;1;1;1;1;1
5324_up;1;1;1;1;1;1;1;1;1;1;1;1
23735_up;1;0;0;0;0;0;0;0;0;1;0;0
1053_up;1;1;1;1;1;1;0;1;1;1;1;1
5246_up;0;0;0;1;1;1;1;1;0;1;1;1
13051_up;1;1;1;1;1;1;1;1;1;1;1;1
18976_up;0;0;1;0;0;0;0;0;0;0;0;0
3219_up;0;0;0;1;0;1;0;0;0;0;0;0
1424_up;0;0;0;0;0;0;0;0;0;0;1;0
7790_up;0;0;1;0;0;0;0;0;0;0;0;0
25726_up;1;0;0;0;0;0;1;1;0;0;0;0
14443_up;0;0;1;0;0;0;0;0;1;0;0;0
4968_up;1;0;1;1;1;1;1;1;1;0;1;0
4309_up;0;0;0;0;0;0;1;0;1;0;0;0
21983_up;0;0;0;1;1;1;0;0;0;0;0;0
17021_up;1;1;1;1;1;1;1;1;1;1;1;1
26070_up;0;0;1;1;0;0;0;0;0;1;1;1
13625_up;0;1;1;0;0;0;0;0;0;0;0;0
22885_up;1;1;1;1;1;1;1;1;1;1;1;1
8190_up;0;1;1;0;0;0;0;0;1;0;0;0
21128_up;0;0;1;0;0;0;0;0;0;0;0;0
22877_up;1;1;1;1;1;1;1;1;1;1;1;1
27285_up;1;0;0;0;0;0;0;0;0;0;0;0
377_up;0;0;0;0;0;0;0;0;0;1;1;1
20552_up;0;1;1;0;0;0;0;0;0;1;1;1
14345_up;1;1;1;0;0;0;0;0;0;0;0;0
22938_up;1;1;1;1;1;0;1;1;0;1;1;0
15067_up;0;0;0;0;0;0;1;0;0;0;0;0
15018_up;0;0;0;0;0;0;0;0;0;1;1;1
22912_up;1;1;1;1;1;1;1;1;1;1;1;1
22824_up;1;1;1;1;1;1;1;1;1;1;1;1
251_up;1;1;1;1;1;1;1;1;1;1;1;1
25253_up;0;0;0;0;1;1;0;0;1;0;0;0
4563_up;0;0;0;0;0;0;0;0;0;1;1;1
27001_up;1;0;0;0;0;0;0;0;0;0;0;0
1244_up;0;0;1;0;0;0;0;0;0;0;0;0
6232_up;1;1;1;1;1;1;1;1;1;1;1;1
4841_up;1;1;1;1;1;1;1;1;1;1;1;1
28185_up;1;0;0;0;0;0;0;0;0;0;0;0
18651_up;1;1;1;0;0;0;0;0;0;1;0;0
26694_up;0;0;0;0;0;0;0;0;0;1;0;0
13916_up;1;1;1;1;1;1;1;1;1;1;1;1
14917_up;1;1;0;1;1;0;1;1;1;0;1;0
18906_up;1;1;1;1;1;1;1;1;1;1;1;1
13057_up;0;0;0;0;0;0;0;0;0;0;1;1
26789_up;0;1;1;1;1;1;0;0;0;1;1;1
3800_up;1;1;1;1;1;1;1;1;1;1;1;1
16665_up;1;1;1;1;1;1;1;1;1;1;1;1
22917_up;1;1;1;1;1;1;1;1;1;1;1;1
20788_up;0;0;0;1;1;0;0;1;0;0;0;0
18775_up;0;1;0;1;1;1;0;1;1;0;1;1
21702_up;1;1;0;0;1;0;1;1;1;1;1;1
21756_up;0;1;1;0;0;0;0;0;0;0;1;0
15026_up;1;1;1;1;1;1;1;1;1;1;1;1
1936_up;0;0;1;0;0;0;0;0;0;0;0;0
15626_up;0;1;1;0;0;0;1;1;0;1;1;1
22931_up;1;1;1;1;1;1;1;1;1;1;1;1
8908_up;1;0;0;0;0;0;0;0;0;0;0;0
23612_up;0;0;0;0;0;0;1;0;1;0;0;0
26085_up;0;1;1;0;1;1;0;0;0;0;0;0
4994_up;0;0;0;0;0;0;1;1;1;0;0;0
6130_up;1;1;1;1;1;1;1;1;1;1;1;1
15019_up;0;1;1;1;0;0;0;1;1;0;0;0
20079_up;1;1;1;1;1;1;1;1;1;0;1;1
22909_up;1;1;1;1;1;1;1;1;1;1;1;1
15798_up;1;1;1;1;1;1;1;1;1;1;1;1
18478_up;1;1;1;1;1;1;1;1;1;1;1;0
14445_up;0;0;0;1;1;1;1;1;1;1;0;0
27187_up;0;0;1;1;1;1;1;1;1;0;0;0
20435_up;0;0;0;0;0;0;0;0;0;1;0;1
1415_up;1;1;1;1;1;1;1;0;1;0;0;0
878_up;1;1;1;0;0;0;1;1;0;0;1;0
6207_up;1;1;1;1;1;1;1;1;1;1;1;1
6527_up;0;1;1;0;0;0;0;0;0;0;0;0
14419_up;1;1;1;1;1;1;1;1;1;1;1;1
5051_up;0;0;0;1;1;1;0;0;0;0;0;0
7658_up;0;0;0;0;0;0;0;0;0;1;0;0
5056_up;0;0;0;0;0;0;0;0;0;0;1;1
21338_up;0;1;1;1;1;1;0;1;1;0;1;1
22826_up;1;1;1;1;1;1;1;1;1;1;1;1
7112_up;0;0;1;0;0;0;0;0;0;0;1;1
15338_up;1;1;1;1;1;1;1;1;1;1;1;1
6123_up;1;1;1;1;1;1;1;1;1;1;1;1
5973_up;0;0;0;1;1;1;0;0;0;0;1;1
8395_up;1;0;0;0;0;1;0;0;0;1;0;0
22930_up;0;0;0;1;0;0;1;0;0;0;0;0
22869_up;1;1;1;1;1;1;1;1;1;1;1;1
6193_up;0;0;1;0;0;0;0;0;0;0;0;0
18468_up;0;1;1;0;1;1;0;0;0;1;0;1
14854_up;1;1;0;0;0;0;0;0;1;0;0;1
6959_up;0;0;0;0;0;0;0;0;0;1;1;1
18659_up;1;1;1;1;0;0;1;1;1;1;1;1
7092_up;0;0;0;0;1;0;1;1;0;0;0;0
18146_up;1;1;1;1;1;1;1;1;1;1;1;1
894_up;1;1;1;1;1;1;1;1;1;1;1;1
13446_up;0;0;0;0;0;0;1;0;1;0;0;0
22866_up;1;1;1;1;1;0;1;1;1;1;1;1
18455_up;0;1;1;0;0;0;0;0;1;0;0;0
13087_up;1;1;1;1;0;0;1;0;1;1;1;1
13922_up;0;0;0;0;0;1;0;0;0;0;0;1
678_up;0;0;0;0;0;0;0;0;0;1;0;0
25971_up;0;0;0;1;0;1;0;0;1;0;0;0
22951_up;1;1;1;1;1;1;1;1;1;1;1;1
22953_up;1;1;1;1;1;1;1;1;1;1;1;1
21907_up;0;0;1;0;0;0;0;0;0;0;0;0
19406_up;1;0;0;0;1;0;0;0;0;0;0;0
21816_up;0;0;0;1;1;1;0;0;0;1;0;0
23526_up;1;1;1;1;1;1;1;1;1;1;1;1
14304_up;0;0;1;0;0;0;0;0;0;0;0;0
23953_up;1;1;0;0;0;0;1;1;1;0;0;0
15727_up;1;1;1;1;1;1;1;1;1;1;1;1
26304_up;0;0;0;0;0;0;0;1;1;0;0;0
22355_up;0;0;0;0;0;0;0;0;0;0;0;1
17001_up;0;0;0;0;0;0;0;0;1;0;0;0
26271_up;1;1;1;1;1;1;1;1;1;1;1;1
15210_up;1;1;1;1;1;1;1;1;1;1;1;1
25947_up;0;0;1;0;0;0;0;0;0;0;0;0
17499_up;1;0;0;0;0;0;0;0;0;0;0;0
26657_up;0;1;1;0;0;0;0;0;0;0;0;1
21684_up;1;1;0;1;1;1;1;1;1;1;1;1
8780_up;0;0;0;1;1;1;0;0;1;0;0;0
23033_up;0;0;0;0;0;0;0;0;0;1;0;0
15302_up;0;0;1;0;0;0;0;0;0;0;0;0
21080_up;1;1;1;1;0;1;0;1;0;1;0;1
21886_up;0;0;0;0;0;0;0;0;0;0;1;0
26788_up;0;0;1;0;0;1;0;0;1;1;1;1
5241_up;0;0;0;0;0;0;1;1;0;0;0;0
23640_up;0;0;0;1;0;0;0;1;0;1;1;0
21794_up;0;0;0;0;0;0;0;0;0;1;1;1
26765_up;1;1;1;1;1;1;1;1;1;1;1;1
21439_up;1;1;1;1;1;1;1;1;1;1;1;1
22876_up;1;1;0;1;1;0;1;1;1;1;1;1
25931_up;0;0;1;1;0;1;0;0;0;0;0;0
6117_up;1;1;1;1;1;1;1;1;1;1;1;1
4957_up;0;0;1;0;0;0;0;0;0;0;0;1
26767_up;1;1;1;1;1;1;1;1;1;1;1;1
27014_up;1;0;0;0;1;0;1;1;0;0;0;0
6358_up;1;1;1;1;1;1;1;1;1;1;1;1
20987_up;0;0;0;0;1;0;0;0;0;0;0;0
1641_up;0;0;0;0;0;0;0;0;0;0;1;1
12352_up;0;0;0;0;0;0;0;0;0;0;0;1
19056_up;0;0;1;1;0;0;1;1;1;0;0;0
22561_up;0;0;0;0;1;1;0;0;0;0;0;0
8909_up;1;1;1;1;1;1;1;1;1;1;1;1
1317_up;1;1;0;0;0;0;0;1;0;0;1;0
7240_up;1;0;0;0;0;0;0;0;0;1;0;0
23060_up;1;1;1;1;1;1;0;1;1;1;1;1
16174_up;1;1;0;1;1;1;1;1;0;1;1;0
15209_up;1;1;1;1;1;1;1;1;1;1;1;1
26071_up;0;0;0;0;0;0;0;0;0;1;1;1
7869_up;1;0;0;0;0;0;0;0;0;0;0;0
24336_up;0;0;0;0;0;0;1;1;1;0;0;0
26069_up;0;0;0;0;0;0;1;0;0;0;0;0
21529_up;1;1;1;1;1;1;1;1;1;1;1;0
1414_up;0;0;0;0;0;0;0;0;1;0;0;0
1585_up;1;0;0;1;0;0;1;0;1;1;0;0
5204_up;1;1;1;0;0;0;0;0;1;0;0;1
254_up;1;1;1;0;0;0;0;0;0;0;0;0
5710_up;1;1;1;1;1;1;1;1;1;1;1;1
4907_up;0;0;0;1;1;1;0;0;0;1;1;0
22857_up;1;1;1;1;1;1;1;1;1;1;1;1
19381_up;0;0;1;0;0;0;0;0;0;0;0;0
18162_up;1;1;1;1;1;1;1;1;1;1;1;1
24612_up;0;0;0;0;0;0;0;0;0;1;1;1
13045_up;0;0;0;0;0;0;0;0;0;0;1;1
1462_up;0;0;0;0;1;0;1;1;0;0;0;0
22814_up;0;0;0;0;0;0;1;0;0;0;0;0
8084_up;0;0;1;0;0;0;0;0;0;0;0;0
1662_up;0;0;0;0;0;1;0;0;0;0;0;0
19402_up;0;1;0;0;0;0;0;0;0;0;0;0
4785_up;0;0;0;0;0;0;0;0;0;1;1;1
18833_up;1;1;1;1;1;1;1;1;1;1;1;1
1001_up;0;0;0;0;1;0;0;0;0;1;1;1
18916_up;1;1;1;1;1;1;1;1;1;1;1;1
15682_up;1;1;1;1;1;1;1;1;1;1;1;1
748_up;1;1;0;1;1;1;1;1;1;0;0;0
4131_up;1;1;1;1;1;1;1;1;1;1;1;1
13267_up;1;0;0;0;0;0;0;0;0;0;0;0
6184_up;0;0;0;0;0;0;0;0;0;0;0;1
22835_up;1;1;1;1;1;1;1;1;1;1;1;1
27189_up;0;1;1;0;0;0;0;0;0;1;1;1
13627_up;0;1;1;0;0;0;0;0;0;0;0;1
7960_up;0;0;0;0;0;0;0;0;0;1;1;1
18100_up;1;1;1;0;0;0;1;1;1;1;1;1
5059_up;0;0;0;0;0;0;0;0;0;0;0;1
18827_up;1;1;1;1;1;1;1;1;1;0;0;0
8170_up;1;1;1;1;1;1;1;1;1;1;1;1
19044_up;0;1;1;1;0;0;0;0;1;0;1;1
24161_up;0;0;0;0;0;0;1;0;1;0;0;0
6152_up;0;0;0;0;0;0;0;0;0;0;1;1
17965_up;1;0;0;1;1;1;1;1;1;1;1;0
18343_up;0;0;0;0;0;0;0;0;0;1;1;1
6393_up;0;1;1;0;0;0;0;0;0;1;1;1
3667_up;0;0;0;0;0;0;1;0;0;0;0;0
24783_up;0;0;0;1;1;1;1;1;0;1;1;0
15323_up;0;0;0;0;0;0;1;0;0;0;0;0
23954_up;0;1;0;1;1;1;1;1;0;1;1;0
4969_up;0;0;0;0;1;1;1;0;1;0;0;0
13576_up;0;0;0;0;1;0;0;0;0;0;0;0
19394_up;0;1;0;0;0;0;0;0;0;0;0;0
22859_up;1;1;1;1;1;1;1;1;1;1;1;1
18834_up;1;1;1;1;1;1;1;1;1;1;1;1
23118_up;1;1;1;1;1;1;1;1;1;1;1;1
27529_up;0;1;1;1;1;1;0;0;1;1;1;1
19136_up;0;0;0;0;0;0;1;1;0;0;0;0
15662_up;0;0;0;0;0;0;0;0;0;0;1;0
3958_up;1;1;0;0;0;1;0;0;0;1;0;0
16506_up;0;0;1;0;0;0;0;0;1;0;0;0
16221_up;1;1;1;1;1;1;1;1;1;1;1;1
22879_up;1;1;1;1;1;1;1;1;1;1;1;1
24524_up;1;1;1;1;1;1;1;1;1;1;1;1
16532_up;1;1;1;1;1;1;1;1;1;1;1;0
8522_up;1;1;1;0;0;0;0;0;0;1;1;1
4277_up;0;0;0;0;0;0;0;0;0;1;0;0
6129_up;1;1;1;1;1;1;1;1;1;1;1;1
13626_up;1;1;1;1;1;1;1;1;1;1;1;1
25120_up;0;0;0;0;0;0;1;0;1;0;0;0
22806_up;1;1;1;1;1;1;1;1;1;1;1;1
22910_up;1;1;1;1;1;1;1;1;1;1;1;1
24208_up;0;1;1;0;0;0;0;0;0;0;0;0
26644_up;0;0;0;0;1;0;0;0;0;0;0;0
23536_up;0;0;0;0;0;0;0;1;0;0;0;0
7674_up;1;1;1;1;1;0;1;0;1;1;1;1
4678_up;1;0;0;1;1;1;1;1;1;1;0;0
3161_up;0;0;0;0;0;0;1;0;0;0;0;0
5664_up;0;1;1;0;0;0;0;0;0;0;0;0
21540_up;1;1;1;1;1;1;1;1;1;1;1;1
23663_up;1;1;1;0;0;0;0;1;1;0;0;0
5758_up;1;1;1;1;1;1;0;1;1;1;1;1
14687_up;0;0;0;1;0;0;0;0;1;0;0;0
22952_up;0;0;0;1;0;0;1;0;1;0;0;0
13733_up;0;0;0;1;1;1;1;1;1;0;0;0
22981_up;1;1;1;1;1;1;1;1;1;1;1;1
4637_up;0;0;0;0;0;0;0;0;0;0;0;1
24614_up;0;0;0;0;0;0;0;0;0;0;0;1
8935_up;1;0;0;1;0;0;1;1;1;0;0;0
15070_up;1;1;1;1;1;1;1;1;1;1;1;1
585_up;0;0;0;0;0;0;0;0;0;1;0;0
14355_up;0;0;0;1;1;0;0;0;0;0;0;0
24190_up;0;0;0;0;1;1;0;0;0;1;1;0
26049_up;1;1;1;1;1;1;1;1;1;1;1;1
8800_up;0;0;0;0;1;1;0;1;0;0;0;0
26645_up;1;1;1;1;1;1;1;1;1;1;1;1
13729_up;0;0;0;0;0;0;0;0;0;0;0;1
17174_up;1;1;1;1;1;1;1;1;1;1;1;1
4344_up;1;1;1;1;1;1;1;1;1;1;1;1
22914_up;1;1;1;1;1;1;1;1;1;1;1;1
4000_up;1;1;1;1;1;1;1;1;1;1;1;1
22638_up;0;0;0;1;0;1;0;0;0;0;0;0
23543_up;0;0;0;0;0;0;0;1;1;0;0;0
27623_up;1;1;1;1;1;1;1;1;1;0;0;0
18670_up;1;1;0;0;0;0;0;0;0;0;0;0
253_up;0;1;1;1;1;1;1;1;1;0;0;0
3644_up;0;0;0;0;0;0;0;0;0;0;1;1
532_up;0;0;0;0;0;0;0;0;0;1;0;0
23740_up;1;0;0;0;0;1;0;0;0;0;0;0
3720_up;1;1;0;0;0;0;1;1;0;1;1;0
22818_up;1;1;1;1;1;1;1;1;1;1;1;1
17279_up;1;0;0;0;0;0;1;0;0;0;0;0
13047_up;1;1;1;1;1;1;1;1;1;1;1;1
17238_up;0;0;1;0;0;0;0;0;0;0;0;0
22890_up;1;1;1;1;1;1;1;1;1;1;1;1
24440_up;1;1;1;0;1;0;0;0;0;0;0;0
8633_up;1;1;1;1;1;1;1;1;1;1;0;1
20545_up;1;0;0;1;1;0;1;1;1;1;0;1
20514_up;0;0;0;0;0;0;0;0;0;1;1;0
22868_up;1;1;1;1;1;1;1;1;1;1;1;1
22940_up;1;1;1;1;1;1;1;1;1;1;1;1
22947_up;1;1;1;1;1;1;1;1;1;1;1;1
27625_up;0;0;1;1;1;1;1;1;1;0;1;1
4264_up;0;0;0;0;0;0;1;0;0;0;0;0
26180_up;0;1;1;0;0;0;0;0;0;0;1;0
13554_up;0;0;0;1;0;0;0;0;0;0;0;1
22083_up;1;1;1;1;1;1;1;1;1;1;1;1
26766_up;1;1;0;1;1;1;1;0;0;1;1;1
718_up;0;0;1;0;0;0;0;0;0;0;0;0
13066_up;0;0;0;0;0;0;0;0;0;0;1;1
23539_up;0;0;1;0;0;0;0;0;0;0;0;0
1495_up;0;0;0;0;0;0;1;1;1;0;1;1
26755_up;1;1;1;1;1;1;1;1;1;1;1;1
15219_up;1;1;1;1;1;1;1;1;1;1;1;1
16137_up;1;1;1;1;1;1;1;1;1;1;1;1
21125_up;0;1;0;0;0;0;0;0;0;0;0;0
8634_up;1;1;1;1;1;1;1;1;1;1;0;1
18232_up;0;0;0;0;0;0;1;0;0;0;0;0
22848_up;1;0;0;1;0;0;1;0;1;1;1;0
15350_up;1;1;1;1;1;1;1;1;1;1;1;1
1445_up;1;0;0;1;1;1;1;1;1;1;0;0
14534_up;1;1;1;1;1;1;1;1;1;1;1;1
13213_up;0;0;0;0;0;0;0;0;0;0;0;1
15998_up;0;1;1;0;0;0;1;1;0;1;1;1
15872_up;1;0;0;1;0;0;1;1;1;0;0;0
24194_up;1;1;1;0;0;0;0;1;1;0;1;0
6251_up;0;0;0;0;0;0;1;1;1;0;0;0
25678_up;0;0;0;0;0;0;1;0;0;0;0;0
14223_up;1;1;1;1;1;1;1;1;1;0;1;1
25209_up;1;1;1;1;1;1;1;1;1;0;0;0
14876_up;0;0;0;0;0;0;1;0;1;0;0;0
16451_up;1;1;1;1;1;1;1;1;1;1;1;1
2705_up;0;1;0;0;0;0;0;1;0;0;0;0
17810_up;0;0;0;0;0;0;0;0;1;0;0;0
4752_up;1;0;0;1;0;1;0;1;0;1;0;1
17342_up;0;0;0;0;0;0;0;0;0;1;0;0
15267_up;1;0;0;1;1;0;1;1;1;0;1;0
26270_up;1;1;1;1;1;1;1;1;1;1;1;1
23327_up;0;1;1;1;1;1;1;1;1;0;0;0
7424_up;0;0;0;1;1;0;0;0;0;0;0;0
24613_up;0;0;1;0;0;0;0;0;0;0;0;1
3857_up;1;1;1;1;1;1;1;1;1;1;1;1
25564_up;1;1;1;0;0;0;0;0;0;1;1;1
3642_up;0;0;0;0;0;0;0;0;0;0;1;0
262_up;0;1;0;0;0;0;0;0;0;0;0;0
5293_up;0;0;0;0;0;0;0;0;0;1;1;1
1360_up;1;1;1;1;1;1;1;1;1;1;1;1
18098_up;0;0;0;0;0;0;0;0;0;0;1;0
22840_up;1;1;1;1;1;1;1;1;1;1;1;1
20243_up;1;1;0;1;1;1;1;1;1;1;1;0
1846_up;0;0;0;1;0;0;0;1;1;0;0;0
19082_up;1;0;0;0;1;1;1;0;0;0;0;0
22640_up;0;0;0;0;0;0;0;0;0;0;1;1
14221_up;0;0;0;0;1;1;0;0;0;0;0;0
1684_up;0;0;0;0;0;1;0;0;0;0;0;0
25208_up;0;0;0;0;1;0;0;1;1;0;0;0
6067_up;0;0;0;1;1;1;1;1;1;1;1;1
22135_up;0;1;1;1;0;1;1;1;1;0;0;0
7961_up;0;0;0;0;0;0;0;0;0;1;1;1
26051_up;1;1;1;1;1;1;1;1;1;1;1;1
17618_up;0;0;0;0;0;0;0;0;0;0;1;0
25187_up;0;0;0;0;1;1;0;0;0;0;0;0
26646_up;1;1;1;1;1;1;1;1;1;1;1;1
7871_up;1;0;0;0;0;0;0;0;0;0;0;0
8400_up;0;0;0;1;1;1;1;1;1;1;0;1
5390_up;1;1;1;1;1;1;1;1;1;1;1;1
22862_up;1;1;1;1;1;1;1;1;1;1;1;1
26703_up;1;1;1;1;1;1;1;1;1;1;1;1
21832_up;0;0;0;0;0;0;0;0;0;0;1;0
25552_up;0;0;0;0;1;0;0;0;0;0;0;0
22920_up;1;1;1;1;1;1;1;1;1;1;1;1
14580_up;1;0;0;0;0;0;0;0;0;1;1;1
14436_up;0;1;1;0;0;1;0;0;1;0;0;0
25699_up;0;0;0;0;0;0;0;0;0;1;1;1
1422_up;0;0;0;0;0;1;0;0;0;0;0;0
14448_up;0;0;1;0;0;0;0;0;0;0;0;0
1483_up;1;0;0;1;1;0;0;0;0;0;0;0
6108_up;0;0;0;0;0;0;0;0;0;1;0;0
23519_up;0;0;0;1;0;0;0;0;0;0;0;0
16003_up;0;1;1;0;0;0;1;1;0;1;1;0
3106_up;0;0;0;1;1;1;0;0;0;0;0;0
22827_up;0;0;0;0;0;0;1;1;1;0;0;0
16500_up;1;1;1;1;1;1;1;1;1;1;1;1
13433_up;1;1;1;1;1;1;1;1;1;1;1;1
24447_up;1;1;1;1;1;1;1;1;1;1;1;1
4450_up;0;0;0;0;0;0;0;0;0;0;0;1
4452_up;0;0;0;0;1;1;0;0;0;0;0;0
23128_up;0;0;0;1;1;1;0;1;0;0;0;0
23426_up;1;1;1;1;1;1;0;0;0;1;1;1
21212_up;0;0;0;0;0;0;0;0;0;1;1;1
1574_up;0;0;0;0;0;0;0;0;0;1;0;0
6733_up;0;1;1;1;1;1;1;1;1;0;0;0
22941_up;1;1;1;1;1;1;1;1;1;1;1;1
22883_up;1;1;1;1;0;1;1;1;0;1;0;1
18366_up;0;0;0;0;0;0;1;1;1;0;0;0
21449_up;0;0;0;0;0;0;0;0;0;1;0;0
5527_up;0;1;1;0;0;0;0;0;0;0;0;1
13610_up;0;1;0;0;0;0;0;0;0;0;0;0
15340_up;0;0;0;0;0;0;1;0;0;0;0;0
4574_up;0;0;0;0;0;0;0;0;0;1;0;0
22870_up;1;1;1;1;1;1;1;1;1;1;1;1
19341_up;1;1;0;0;0;0;1;1;1;0;0;0
19809_up;0;0;0;0;0;0;0;0;0;1;0;0
14569_up;0;0;1;0;0;0;0;0;0;0;0;0
6274_up;0;0;1;0;0;0;0;0;0;0;0;0
19778_up;0;1;1;0;0;0;0;0;0;0;0;0
23596_up;0;1;1;0;0;0;0;1;0;0;0;0
250_up;1;1;1;1;1;1;1;1;1;0;1;1
4428_up;0;1;1;0;0;0;0;0;1;0;0;0
8524_up;1;1;0;1;1;0;1;1;0;1;0;0
19052_up;0;0;0;0;0;1;1;1;1;0;0;1
1503_up;0;0;0;1;1;1;0;0;0;0;0;0
20897_up;0;0;0;0;1;0;0;0;0;0;1;1
22956_up;1;1;1;1;1;1;1;1;1;1;1;1
18759_up;0;0;0;1;1;0;0;0;0;0;0;0
27580_up;1;0;0;0;1;0;0;0;0;0;0;0
13093_up;0;0;0;0;0;0;0;0;0;0;1;1
5381_up;0;0;1;0;0;1;0;0;0;0;1;1
17365_up;1;0;0;0;0;0;0;0;0;0;0;0
22959_up;1;1;1;1;1;1;1;1;1;1;1;1
15154_up;1;0;0;1;0;0;1;1;1;0;0;0
26647_up;1;1;1;1;1;1;1;1;1;1;1;1
21899_up;0;1;0;1;0;0;0;0;0;0;0;0
24019_up;0;0;0;0;0;0;0;0;0;0;0;1
22934_up;1;1;1;1;1;1;1;1;0;1;1;0
3713_up;1;1;0;0;0;0;1;1;1;0;0;0
22845_up;1;1;1;1;1;1;1;1;1;1;1;1
22908_up;1;1;1;1;1;1;1;1;1;1;1;1
21035_up;0;0;1;1;1;1;0;0;0;0;0;0
8163_up;1;1;1;1;1;1;1;1;1;1;1;1
15322_up;1;1;1;1;1;1;1;1;1;1;1;1
7187_up;1;1;1;1;1;1;0;0;0;0;0;0
23422_up;0;0;0;0;0;0;0;0;0;1;0;0
4956_up;0;0;1;0;0;0;0;0;0;0;0;1
27190_up;0;0;0;0;0;0;0;0;0;1;1;1
6537_up;0;0;1;0;0;0;0;0;1;0;1;1
23864_up;1;0;0;1;0;1;1;0;0;1;0;0
23134_up;0;1;0;1;1;1;1;1;1;1;0;0
6264_up;1;0;0;1;0;0;0;0;0;0;0;0
15533_up;1;1;1;1;1;1;1;1;1;1;1;1
21904_up;0;0;1;0;0;0;0;0;0;0;0;0
3630_up;1;1;1;1;0;0;1;1;1;1;1;1
618_up;0;0;0;1;0;0;1;1;1;0;0;0
1450_up;1;1;1;1;1;1;1;1;1;1;1;1
8094_up;0;0;0;0;0;1;0;0;0;0;0;0
4546_up;1;0;0;0;0;0;0;0;0;1;0;1
21793_up;0;1;1;0;0;0;0;0;0;1;1;1
27321_up;0;0;1;1;1;1;1;1;1;0;0;0
19457_up;1;0;0;0;1;1;1;0;0;1;0;1
16285_up;1;1;1;1;1;1;1;1;1;1;1;0
900_up;1;1;1;1;1;1;0;1;1;1;1;1
21612_up;0;0;0;0;0;0;0;0;0;1;1;1
13426_up;0;0;0;0;1;0;0;0;0;0;0;0
22949_up;1;1;1;1;1;1;1;1;1;1;1;1
19220_up;1;1;1;1;1;1;1;1;1;1;1;1
21467_up;0;0;0;0;0;1;0;0;0;0;0;1
21112_up;0;0;1;0;0;0;0;0;0;0;0;0
22894_up;1;1;1;1;1;1;1;1;1;1;1;1
23405_up;1;0;0;0;0;0;0;0;0;1;0;0
24938_up;0;0;1;0;0;1;0;0;0;0;0;0
3700_up;1;1;1;1;1;1;1;1;1;1;1;1
20070_up;0;0;0;0;1;0;0;1;0;0;0;0
5066_up;0;1;1;1;0;0;0;0;0;1;1;1
15988_up;1;1;1;1;1;1;1;1;1;1;1;1
21895_up;0;0;0;0;0;0;0;0;1;0;0;0
26548_up;1;0;0;1;1;1;1;1;1;0;0;0
21688_up;0;0;0;0;0;0;1;0;0;0;0;0
26727_up;1;0;1;0;0;0;0;0;0;0;1;0
22928_up;0;0;0;0;0;0;1;0;1;0;0;0
8521_up;1;1;1;0;0;0;0;0;0;1;1;1
4548_up;1;1;1;0;0;0;0;0;0;0;0;0
22982_up;1;1;1;1;1;1;1;1;1;1;1;1
26768_up;1;1;1;1;1;1;1;1;1;1;1;1
21690_up;1;1;0;0;1;1;0;1;0;1;1;0
6116_up;1;1;1;1;1;1;1;1;1;1;1;1
17596_up;0;0;0;1;1;1;0;0;0;0;0;0
21213_up;1;0;0;0;0;0;0;0;0;1;1;1
21798_up;0;0;0;0;0;1;0;0;0;0;0;0
7785_up;0;0;0;0;0;0;1;0;0;0;0;0
5715_up;1;1;0;0;0;0;0;0;0;0;0;0
21677_up;1;1;0;0;0;0;0;1;0;0;1;0
22805_up;1;1;1;1;1;1;1;1;1;1;1;1
23203_up;1;1;1;1;1;1;1;1;1;1;1;1
21894_up;0;0;0;1;1;1;1;1;1;0;0;0
18613_up;1;1;1;1;1;1;1;1;1;1;1;1
6937_up;1;1;1;1;1;1;1;1;1;1;1;1
5610_up;0;0;0;0;0;0;0;0;0;0;0;1
22943_up;1;1;1;1;1;1;1;1;1;1;1;1
24989_up;0;0;0;0;0;1;0;0;0;0;0;0
23843_up;0;0;0;0;0;0;1;1;1;0;0;0
15938_up;0;0;0;0;1;1;1;0;0;1;1;0
13195_up;1;1;1;1;1;1;1;1;1;1;1;1
13411_up;1;1;1;0;0;0;0;0;0;1;1;1
23495_up;0;1;1;1;1;1;1;1;1;1;1;1
3783_up;0;0;0;0;0;0;0;0;1;0;0;0
21539_up;0;1;1;0;0;0;0;0;0;0;0;0
5010_up;0;0;0;0;0;0;0;0;0;1;1;1
27301_up;0;0;0;1;1;1;1;0;0;0;0;0
24834_up;1;0;0;0;1;0;1;1;0;1;0;0
8632_up;1;1;1;1;1;1;1;1;1;1;1;1
22054_up;0;0;1;0;0;1;0;0;0;0;0;1
14938_up;1;1;1;1;1;1;1;1;1;1;1;1
3728_up;1;1;1;1;1;1;1;1;1;1;0;0
14040_up;0;0;0;0;1;0;0;0;0;0;0;0
13272_up;0;0;0;0;0;0;0;0;0;1;0;1
16516_up;1;1;1;0;0;0;0;0;0;0;0;0
25196_up;0;0;0;0;0;0;0;0;0;1;0;1
7106_up;0;0;0;0;1;1;0;0;0;0;0;0
15097_up;1;1;1;1;1;1;1;1;1;1;1;1
1222_up;1;1;1;0;0;0;0;0;0;1;0;0
17182_up;1;1;1;1;1;1;1;1;1;1;1;1
22836_up;1;1;1;1;1;1;1;1;1;1;1;1
584_up;0;0;0;0;0;0;0;0;0;1;1;0
24840_up;0;1;0;0;0;0;0;0;0;0;0;0
6094_up;0;0;0;1;1;1;1;1;1;0;0;0
13217_up;1;1;1;1;1;1;1;0;0;1;1;1
26064_up;1;1;1;0;1;0;0;0;0;1;1;1
3992_up;0;0;0;0;0;0;0;0;1;0;0;0
1827_up;0;0;0;0;0;0;0;0;0;1;1;1
23439_up;0;0;0;0;0;1;0;0;0;0;0;0
26717_up;0;0;0;0;0;0;0;0;0;1;0;1
6239_up;0;0;0;0;0;0;1;1;0;0;0;0
13071_up;0;0;0;1;1;1;0;0;0;0;0;0
14665_up;0;0;1;0;0;0;1;1;1;0;0;0
16396_up;1;1;1;1;1;1;1;1;1;1;1;1
2034_up;0;0;0;0;0;1;0;0;0;0;0;0
19953_up;1;1;1;1;1;1;1;1;1;1;1;1
19228_up;0;0;1;1;0;0;1;1;1;1;1;1
8669_up;1;1;1;0;0;0;0;0;0;0;0;0
15348_up;1;1;1;0;1;0;1;1;1;1;1;1
26182_up;1;1;1;1;1;1;1;1;1;0;1;1
14328_up;1;1;1;0;0;0;0;0;0;0;0;0
21440_up;1;1;0;1;0;0;0;1;0;1;1;1
15712_up;1;1;1;1;1;1;1;1;1;1;0;0
23637_up;0;1;1;0;0;0;0;1;1;0;1;1
6249_up;1;1;1;1;1;1;1;1;1;1;1;1
7556_up;0;0;0;0;0;0;0;0;0;0;0;1
22825_up;1;1;1;1;1;1;1;1;1;1;1;1
3743_up;0;0;0;1;1;1;1;1;1;0;0;0
22929_up;0;1;1;0;0;0;0;0;0;0;0;0
9003_up;0;0;1;0;0;0;0;0;0;0;1;0
18405_up;0;0;1;0;1;1;0;0;0;0;0;0
19364_up;1;1;0;0;0;0;0;0;0;0;0;0
19217_up;1;1;1;1;0;1;0;1;1;1;1;1
25708_up;0;1;1;0;0;1;0;0;0;0;0;0
19313_up;1;0;0;0;0;0;0;0;0;0;0;0
14429_up;0;1;1;0;0;0;0;0;0;0;0;0
22195_up;0;0;0;0;0;0;1;0;0;0;0;0
14682_up;0;0;0;0;0;1;0;0;0;0;1;0
1149_up;0;0;1;0;0;0;0;0;1;1;0;1
23401_up;1;1;1;1;0;0;1;1;1;1;1;1
14922_up;1;1;1;1;1;1;1;1;1;1;1;1
7239_up;0;0;0;0;1;0;0;0;0;0;0;0
24523_up;1;1;1;1;1;1;1;1;1;1;1;1
7858_up;1;1;0;0;0;0;0;1;1;0;1;0
4742_up;0;0;0;1;0;0;0;0;0;0;0;0
20742_up;0;0;0;0;0;0;1;0;1;0;0;0
5742_up;0;0;0;0;1;1;0;0;0;0;0;0
14521_up;0;0;0;0;0;0;1;1;0;0;0;0
14526_up;1;0;0;0;0;0;0;0;0;0;0;0
2009_up;1;1;1;1;1;1;1;1;1;1;1;1
25489_up;1;1;1;1;1;1;1;1;1;1;1;1
25755_up;1;1;1;1;1;1;1;1;1;0;0;0
5009_up;0;0;0;0;0;0;0;0;0;1;1;1
15046_up;0;0;0;0;0;0;0;1;0;0;0;0
21636_up;1;0;0;1;1;1;1;0;1;1;1;1
6237_up;1;1;1;1;1;1;1;1;1;1;1;1
13231_up;0;0;0;1;1;1;1;1;1;0;0;0
26702_up;1;1;1;1;1;1;1;1;1;1;1;1
2225_up;0;0;0;0;0;0;0;0;0;1;1;1
20452_up;0;0;0;1;0;0;0;0;0;0;0;0
4445_up;0;0;1;0;0;0;0;1;0;0;0;0
22923_up;1;1;1;1;1;1;1;1;1;1;1;1
21718_up;1;0;0;0;0;0;0;0;0;0;0;0
13588_up;0;0;0;1;1;1;0;1;1;0;0;0
7024_up;1;0;0;0;0;0;0;0;0;0;0;0
4581_up;0;0;0;0;0;0;0;0;0;1;1;1
3641_up;0;0;0;0;0;0;0;0;0;0;1;0
27548_up;1;1;0;1;0;1;0;0;0;1;1;0
23630_up;1;1;1;1;1;1;0;1;1;1;1;1
8118_up;1;1;1;1;1;1;1;1;1;1;1;1
2315_up;0;1;1;0;0;0;0;0;1;0;1;1
22873_up;1;1;1;1;1;1;1;1;1;1;1;1
1586_up;1;1;1;1;1;1;1;1;1;1;1;1
21635_up;1;0;0;1;1;1;1;0;1;1;1;1
19642_up;0;0;0;1;1;1;1;1;0;0;0;0
5741_up;0;0;0;0;0;1;0;0;0;0;0;0
17261_up;1;1;1;1;1;1;1;1;1;1;1;1
3774_up;0;0;0;0;0;0;1;0;0;0;0;0
27012_up;1;1;1;0;0;0;1;1;1;1;1;1
21757_up;1;1;1;1;1;1;1;1;1;1;1;1
13091_up;1;0;0;0;0;0;0;0;0;0;1;1
6159_up;0;0;0;0;0;0;0;0;0;0;0;1
17309_up;1;1;1;1;1;1;1;1;1;1;1;1
20451_up;0;0;0;0;0;0;0;0;0;0;1;0
3723_up;1;1;1;0;0;0;0;1;1;0;0;0
19115_up;1;0;1;0;0;1;1;1;1;1;0;0
3379_up;0;0;0;0;1;0;1;1;1;0;0;0
13672_up;0;1;0;1;1;1;0;0;0;0;0;0
248_up;1;1;1;0;0;0;0;0;0;0;0;1
23370_up;0;0;0;0;0;0;0;0;0;1;0;0
6507_up;0;0;0;1;1;1;1;1;1;1;1;1
20559_up;1;1;1;1;1;1;1;1;1;1;1;1
22895_up;1;1;1;1;1;1;1;1;1;1;1;1
14335_up;0;0;0;1;1;1;1;1;1;0;0;0
19337_up;1;1;1;0;0;0;0;1;1;0;0;0
24439_up;0;1;1;0;0;0;0;0;0;0;1;0
26658_up;1;1;1;1;1;1;0;1;1;1;1;1
22823_up;1;1;1;1;1;1;1;1;1;1;1;1
17536_up;0;0;0;0;0;0;0;0;0;1;1;1
22919_up;1;1;1;1;1;1;1;1;1;1;1;1
5369_up;0;1;1;0;0;0;0;0;1;0;1;1
26807_up;0;0;0;0;0;1;0;0;0;0;0;0
5149_up;0;0;0;0;0;0;1;0;0;1;0;0
4564_up;1;0;0;0;0;0;0;0;0;1;1;1
15272_up;1;1;1;1;1;1;1;1;1;1;1;1
4245_up;0;0;0;1;1;1;0;0;0;0;0;0
21693_up;1;1;0;1;1;1;1;1;0;1;0;0
9000_up;0;1;1;0;0;0;0;0;0;0;0;0
13230_up;0;0;0;0;0;0;1;0;1;0;0;0
4662_up;0;0;0;0;0;1;0;0;0;0;0;0
9024_up;1;1;1;1;0;0;1;1;1;1;1;1
24186_up;0;0;0;0;0;0;0;0;1;0;0;0
6822_up;0;0;0;0;0;0;0;0;0;1;1;1
26246_up;1;1;1;0;0;0;0;0;0;0;0;0
26335_up;1;1;1;1;1;1;0;0;1;0;0;1
1658_up;0;0;0;0;0;1;0;0;0;0;0;0
7851_up;1;1;1;1;1;0;1;1;1;1;1;0
22759_up;1;1;1;1;1;1;1;1;1;1;1;1
4552_up;0;0;0;0;0;0;0;0;0;0;0;1
16090_up;1;1;1;1;1;1;1;1;1;1;1;1
27530_up;1;1;1;1;1;1;0;1;1;1;1;1
5635_up;1;1;1;0;0;0;0;0;0;0;0;0
13723_up;0;0;0;0;1;0;0;0;0;0;0;0
23265_up;0;0;0;0;0;0;0;1;0;0;0;0
19645_up;1;1;0;1;1;1;0;1;0;1;1;0
27617_up;0;0;0;0;0;0;0;1;0;0;0;0
13422_up;1;1;1;1;0;1;0;1;1;1;1;1
17256_up;1;1;1;1;1;1;1;1;1;1;1;1
22961_up;1;1;1;1;1;1;1;1;1;1;1;1
22863_up;1;1;0;1;1;1;0;0;1;1;1;1
16865_up;1;1;1;1;1;1;1;1;1;1;1;1
4669_up;0;0;0;0;0;0;1;1;0;0;0;0
8826_up;0;0;0;1;1;1;0;0;0;0;0;0
18684_up;0;1;1;0;0;0;0;0;0;1;1;1
20896_up;0;0;0;1;1;1;0;0;0;0;0;0
23538_up;0;0;0;0;0;0;0;1;0;0;0;0
5419_up;0;0;0;0;1;0;1;0;1;0;0;0
23026_up;0;1;1;0;0;0;0;0;1;0;0;0
21528_up;1;1;1;0;0;0;0;1;0;0;0;0
298_up;0;0;0;0;0;0;1;1;0;0;0;0
20242_up;1;1;1;1;1;1;1;1;1;1;1;1
22936_up;1;1;0;0;0;0;1;1;0;0;0;0
22892_up;1;1;1;1;1;1;1;1;1;1;1;1
1177_up;0;0;1;0;0;1;0;0;1;0;0;0
7673_up;1;1;1;1;1;1;1;1;1;1;1;1
13437_up;0;1;0;0;0;0;0;0;0;0;0;0
14108_up;0;0;1;0;0;0;0;0;0;0;1;1
16386_up;1;1;1;1;1;1;1;1;1;1;1;1
1017_up;0;0;0;0;0;0;0;0;1;0;0;0
1451_up;1;0;0;1;1;1;1;1;1;1;0;0
8679_up;0;0;1;0;0;0;0;0;0;0;0;0
5155_up;0;0;1;0;0;0;0;0;0;0;0;0
1576_up;0;1;1;1;1;1;0;0;0;0;1;1
21781_up;0;0;0;0;0;0;0;0;0;1;1;0
3035_up;0;0;0;0;0;0;1;0;0;0;0;1
13218_up;1;1;1;1;1;1;1;1;1;1;1;1
26183_up;0;0;1;1;0;0;1;1;1;0;0;1
18744_up;0;0;0;1;1;0;0;0;0;0;0;0
2649_up;0;1;0;0;0;0;0;0;0;0;0;0
16148_up;0;0;0;1;1;1;1;1;1;0;0;0
23404_up;1;0;0;0;0;0;0;0;0;1;0;0
8154_up;0;0;0;0;0;1;0;0;0;0;0;0
24131_up;1;0;0;1;1;1;0;0;0;1;0;0
20_up;0;0;0;0;0;0;0;1;0;0;0;0
18783_up;0;0;0;0;0;0;0;0;0;0;0;1
16736_up;1;1;1;1;1;1;1;1;1;1;1;1
22005_up;0;0;0;0;0;0;1;0;0;0;0;0
20557_up;0;1;0;0;0;0;0;0;0;0;0;0
507_up;0;0;0;0;0;0;0;0;1;0;0;0
26972_up;0;0;0;0;1;0;0;0;0;0;0;0
22811_up;1;1;0;1;1;1;1;1;1;0;1;1
15406_up;1;1;1;1;1;1;1;1;1;1;1;1
15058_up;1;1;1;1;1;1;1;1;1;1;1;1
4666_up;1;1;1;1;1;1;1;1;1;1;1;1
4914_up;1;0;0;0;1;0;1;1;0;0;0;0
13056_up;0;0;0;0;0;0;0;0;0;0;1;1
1499_up;0;0;0;0;1;0;0;0;0;0;0;0
4580_up;0;0;0;0;0;0;0;0;0;1;1;1
4163_up;0;0;0;0;0;0;1;1;1;0;0;0
15002_up;1;1;0;1;1;1;1;1;1;0;1;1
18790_up;1;0;1;1;1;1;0;1;1;0;0;0
15122_up;1;1;1;1;1;1;1;1;1;1;1;1
7670_up;1;1;1;1;1;1;1;1;1;1;1;1
21488_up;0;0;0;0;0;0;0;0;0;1;1;1
4676_up;1;0;0;0;1;1;0;0;0;0;0;0
22620_up;1;1;1;1;1;1;1;1;1;1;1;1
18632_up;1;0;0;0;0;0;1;1;1;0;0;0
21694_up;1;1;1;1;1;1;1;1;1;1;1;1
134_up;0;0;0;0;0;0;0;0;0;1;0;0
22893_up;1;1;1;1;1;1;1;1;1;1;1;1
16313_up;1;1;1;0;1;0;1;1;1;1;1;1
1446_up;1;1;1;1;1;1;1;1;1;1;1;1
8827_up;0;0;0;0;1;1;0;0;0;0;0;0
8974_up;0;0;0;1;1;1;1;1;1;0;0;0
20380_up;1;1;0;1;1;1;1;1;1;1;1;1
22809_up;1;1;1;1;1;1;1;1;1;1;1;1
19813_up;0;0;0;0;0;0;1;1;1;0;0;0
9004_up;1;1;1;1;0;0;1;1;1;1;1;1
26237_up;1;1;1;0;0;0;0;1;0;1;0;0
14226_up;0;0;0;0;0;0;0;0;0;1;1;1
22933_up;1;1;0;0;0;0;1;1;0;0;0;0
22851_up;1;1;1;1;1;1;1;1;1;1;1;1
8832_up;1;1;1;1;1;1;1;1;1;1;1;1
20900_up;0;0;0;0;0;0;0;0;0;0;0;1
20701_up;0;0;0;1;0;0;1;1;1;0;0;0
21304_up;0;0;0;0;0;1;0;0;0;0;0;0
6154_up;0;0;0;1;1;1;1;0;0;0;0;0
14348_up;1;1;1;1;0;0;1;1;1;0;0;0
7596_up;0;1;1;0;0;0;0;0;0;1;1;1
259_up;1;1;1;0;1;1;0;1;1;0;0;0
13419_up;1;1;1;1;1;1;1;1;1;1;1;1
23417_up;1;0;0;0;0;0;0;0;0;0;0;0
7850_up;1;1;1;1;1;1;1;1;1;1;1;1
6119_up;0;0;0;0;0;1;0;0;0;0;0;0
23976_up;1;1;1;1;1;1;1;1;1;1;1;1
6342_up;0;0;0;1;0;1;1;0;1;1;1;1
16351_up;0;0;0;0;0;0;0;0;1;0;0;0
22363_up;0;0;0;0;0;0;0;0;0;1;1;0
14427_up;0;1;1;0;0;0;0;0;0;0;0;0
21687_up;1;1;0;1;1;1;1;1;1;1;1;1
2337_up;0;0;0;0;1;1;1;1;0;0;0;0
5878_up;0;1;1;0;0;0;0;0;0;0;0;0
3640_up;0;0;0;0;0;0;0;0;0;0;1;0
16152_up;1;1;1;1;1;0;1;1;1;1;1;0
24450_up;1;1;0;0;0;0;0;0;0;0;0;0
2014_up;0;0;0;1;1;1;1;0;1;1;1;1
6121_up;1;1;1;1;1;1;1;1;1;1;1;1
23549_up;1;0;0;0;0;0;0;0;0;0;1;1
15055_up;1;1;1;1;1;1;1;1;1;1;1;1
21585_up;0;0;0;1;1;1;1;1;0;0;0;0
13069_up;1;1;1;0;0;0;1;1;1;1;1;1
17218_up;0;0;0;0;0;0;0;0;0;0;0;1
17147_up;0;0;0;0;0;0;0;0;1;0;0;0
2010_up;1;1;1;1;1;1;1;1;1;1;1;1
16431_up;1;1;1;1;1;1;1;1;1;1;1;1
2478_up;1;1;1;1;1;1;1;1;1;1;1;1
3650_up;0;0;0;0;0;0;0;0;0;0;0;1
21136_up;1;1;0;0;0;0;0;0;0;0;0;0
23119_up;1;1;1;1;1;1;1;1;1;0;0;0
25616_up;1;1;1;0;0;0;0;0;0;1;1;1
7666_up;0;0;0;0;0;0;1;0;0;0;0;0
25868_up;0;0;0;0;0;0;0;0;0;0;1;1
588_up;1;1;1;1;1;1;1;1;1;1;1;1
5194_up;0;0;0;1;0;0;0;0;0;0;0;0
13089_up;0;0;0;0;0;0;0;0;0;0;1;1
23636_up;0;0;1;1;0;1;0;0;1;0;0;1
16851_up;1;1;1;1;1;1;1;1;1;1;1;1
6236_up;1;1;0;0;1;0;1;1;1;0;0;0
8058_up;1;1;1;1;1;1;1;1;1;1;1;1
13659_up;0;0;0;0;0;0;0;0;0;1;0;1
1002_up;1;0;0;0;0;0;0;0;0;1;1;1
27624_up;1;1;1;1;1;1;1;1;1;1;1;1
20397_up;0;0;0;0;0;0;0;0;1;0;0;0
27143_up;0;0;0;0;0;0;0;0;0;1;1;1
252_up;1;1;1;1;1;1;1;1;1;1;1;1
27158_up;0;0;1;1;1;1;0;1;1;0;0;1
15195_up;1;1;1;1;1;1;1;1;1;1;1;1
24489_up;0;0;0;0;0;0;1;0;0;0;0;0
13068_up;1;1;1;0;0;0;1;1;1;1;1;1
13642_up;1;1;0;1;1;1;1;1;1;0;0;0
22913_up;1;1;1;1;1;1;1;1;1;1;1;1
4680_up;1;0;0;1;1;1;1;1;1;1;1;1
5771_up;1;0;1;0;0;0;0;0;0;0;0;0
27763_up;1;1;1;1;1;1;1;1;1;1;1;1
8399_up;0;0;0;0;0;1;0;0;0;0;0;0
25984_up;0;0;0;1;1;1;1;0;0;0;0;0
13177_up;1;0;0;0;0;0;0;0;0;1;1;1
22817_up;0;0;1;1;1;1;1;1;1;0;1;1
3666_up;0;1;1;0;0;0;0;0;0;0;0;0
23610_up;0;1;0;0;0;0;0;0;0;0;0;0
18260_up;1;1;1;1;1;1;1;1;1;1;1;0
6242_up;0;0;0;0;0;1;0;0;0;0;0;0
168_up;1;1;0;1;1;1;1;1;1;1;0;0
19108_up;1;0;0;0;1;0;1;1;0;1;0;0
22820_up;1;1;1;1;1;1;1;1;1;1;1;1
4001_up;1;1;1;1;1;1;1;1;1;1;1;1
22983_up;1;1;1;1;1;1;1;1;1;1;1;1
22926_up;1;1;1;1;1;1;1;1;1;1;1;1
25249_up;1;1;1;0;0;0;0;0;0;0;0;1
2275_up;1;1;0;0;0;0;0;1;0;1;1;0
27131_up;0;0;0;1;1;1;1;1;0;0;0;0
2016_up;0;0;1;0;0;1;0;0;0;1;1;1
16287_up;0;1;1;1;0;1;0;1;0;0;1;1
939_up;1;0;0;0;1;0;1;1;0;1;0;0
14446_up;0;0;1;0;0;0;0;0;0;0;0;0
16424_up;1;1;1;1;1;1;1;1;1;1;1;1
5340_up;0;0;0;0;0;0;0;0;0;0;1;0
2757_up;1;0;0;0;0;0;0;0;0;1;0;0
13418_up;1;1;1;1;1;1;1;1;1;1;1;1
2391_up;1;1;1;1;1;1;1;1;1;1;1;1
23145_up;1;1;0;0;0;0;1;1;1;0;0;0
18969_up;1;1;1;1;1;0;0;1;1;0;1;0
25698_up;1;0;1;1;1;0;0;0;0;1;1;1
16117_up;1;1;1;1;1;1;1;1;1;1;1;1
6118_up;1;1;1;1;1;1;1;1;1;1;1;1
16092_up;1;1;1;1;1;1;1;1;1;1;1;1
6622_up;1;1;1;1;1;1;1;1;1;1;1;1
24250_up;0;0;0;0;0;0;1;0;0;0;0;0
23138_up;0;0;0;1;0;0;1;1;1;0;0;0
26236_up;0;1;1;0;0;0;0;0;0;0;0;0
14728_up;0;0;0;0;0;0;1;1;1;0;0;0
16309_up;0;1;1;0;0;0;1;1;1;1;1;1
5947_up;0;1;0;1;1;1;0;0;1;1;1;1
22847_up;1;1;1;1;1;1;1;1;1;1;1;1
22935_up;1;1;0;0;0;0;1;1;0;0;0;0
5659_up;0;0;0;0;0;0;0;0;0;1;1;1
6250_up;0;1;1;0;0;0;0;0;0;0;1;1
24684_up;0;0;0;1;1;1;0;0;0;0;0;0
14332_up;1;1;1;1;1;1;1;1;0;0;0;0
20401_up;1;1;1;1;1;1;0;1;1;1;0;1
19414_up;0;0;0;0;0;0;1;0;0;0;0;0
13279_up;1;0;0;0;0;0;0;0;0;0;0;0
22839_up;1;1;1;1;1;1;1;1;1;1;1;1
3290_up;0;0;1;0;0;0;0;0;0;0;0;0
6293_up;0;0;0;1;1;0;0;0;0;0;0;0
2288_up;1;1;0;1;1;1;1;1;1;1;0;1
3824_up;1;0;0;0;0;0;0;0;0;1;0;0
23403_up;1;1;0;0;0;0;0;0;0;0;1;0
22821_up;1;1;1;1;1;1;1;1;1;1;1;1
4553_up;0;0;0;0;0;0;0;0;0;1;1;1
24776_up;0;0;0;0;0;0;0;0;0;1;0;0
18577_up;0;0;0;0;0;0;1;1;0;0;0;0
22954_up;1;0;0;1;0;0;1;0;1;0;0;0
20244_up;0;0;0;0;0;0;1;0;0;0;0;0
26652_up;0;0;0;0;1;0;0;0;0;0;0;0
25399_up;0;0;0;1;0;1;0;0;0;0;0;0
13655_up;1;1;1;1;1;1;1;1;1;1;1;1
23715_up;0;1;1;0;0;0;0;0;0;0;0;0
22916_up;1;0;0;0;0;0;1;0;1;0;0;0
5064_up;0;0;0;1;0;0;1;1;1;0;0;0
15920_up;0;0;0;1;1;1;0;0;0;0;0;0
1019_up;0;0;0;0;0;0;0;0;1;0;0;0
4681_up;0;0;0;0;1;0;0;0;0;0;0;0
3950_up;1;1;1;1;1;1;0;0;0;1;1;1
3711_up;0;1;1;0;0;0;0;1;1;0;1;0
4094_up;0;0;0;0;0;0;0;0;0;0;1;0
24522_up;1;0;0;1;1;1;0;0;0;1;1;0
13357_up;1;0;0;0;0;0;0;0;0;1;0;0
27564_up;1;0;0;0;0;0;0;0;0;0;0;0
26243_up;0;0;1;0;0;0;0;0;0;0;0;0
